Trial ID,Score,Hyperparameters
0065,0.8270676732063293,"{'num_conv_blocks': 3, 'activation': 'relu', 'use_batch_norm': True, 'num_dense_layers': 2, 'units_per_dense': 448, 'dropout_rate': 0.30000000000000004, 'learning_rate': 0.0009513380195031257, 'optimizer': 'adam', 'conv_filters_0': 64, 'conv_filters_1': 128, 'conv_filters_2': 128, 'tuner/epochs': 30, 'tuner/initial_epoch': 0, 'tuner/bracket': 0, 'tuner/round': 0}"
0128,0.8270676732063293,"{'num_conv_blocks': 3, 'activation': 'relu', 'use_batch_norm': True, 'num_dense_layers': 4, 'units_per_dense': 448, 'dropout_rate': 0.30000000000000004, 'learning_rate': 0.009131857765102563, 'optimizer': 'sgd', 'conv_filters_0': 32, 'conv_filters_1': 32, 'conv_filters_2': 64, 'tuner/epochs': 30, 'tuner/initial_epoch': 0, 'tuner/bracket': 0, 'tuner/round': 0}"
0130,0.8195488452911377,"{'num_conv_blocks': 2, 'activation': 'elu', 'use_batch_norm': True, 'num_dense_layers': 3, 'units_per_dense': 128, 'dropout_rate': 0.5, 'learning_rate': 0.0010848539808730223, 'optimizer': 'adam', 'conv_filters_0': 32, 'conv_filters_1': 32, 'conv_filters_2': 64, 'tuner/epochs': 30, 'tuner/initial_epoch': 0, 'tuner/bracket': 0, 'tuner/round': 0}"
0127,0.8120300769805908,"{'num_conv_blocks': 3, 'activation': 'elu', 'use_batch_norm': False, 'num_dense_layers': 4, 'units_per_dense': 448, 'dropout_rate': 0.2, 'learning_rate': 0.0003998392124307353, 'optimizer': 'adam', 'conv_filters_0': 32, 'conv_filters_1': 32, 'conv_filters_2': 128, 'tuner/epochs': 30, 'tuner/initial_epoch': 0, 'tuner/bracket': 0, 'tuner/round': 0}"
0062,0.8120300769805908,"{'num_conv_blocks': 3, 'activation': 'elu', 'use_batch_norm': True, 'num_dense_layers': 2, 'units_per_dense': 448, 'dropout_rate': 0.30000000000000004, 'learning_rate': 0.00012740002244866934, 'optimizer': 'rmsprop', 'conv_filters_0': 32, 'conv_filters_1': 32, 'conv_filters_2': 64, 'tuner/epochs': 10, 'tuner/initial_epoch': 0, 'tuner/bracket': 1, 'tuner/round': 0}"
0125,0.8045112490653992,"{'num_conv_blocks': 3, 'activation': 'relu', 'use_batch_norm': False, 'num_dense_layers': 3, 'units_per_dense': 384, 'dropout_rate': 0.30000000000000004, 'learning_rate': 0.00016947547372306074, 'optimizer': 'adam', 'conv_filters_0': 64, 'conv_filters_1': 32, 'conv_filters_2': 32, 'tuner/epochs': 10, 'tuner/initial_epoch': 0, 'tuner/bracket': 1, 'tuner/round': 0}"
0066,0.7969924807548523,"{'num_conv_blocks': 3, 'activation': 'elu', 'use_batch_norm': True, 'num_dense_layers': 3, 'units_per_dense': 320, 'dropout_rate': 0.2, 'learning_rate': 0.00011038061188398604, 'optimizer': 'adam', 'conv_filters_0': 64, 'conv_filters_1': 32, 'conv_filters_2': 128, 'tuner/epochs': 30, 'tuner/initial_epoch': 0, 'tuner/bracket': 0, 'tuner/round': 0}"
0060,0.7894737124443054,"{'num_conv_blocks': 2, 'activation': 'elu', 'use_batch_norm': True, 'num_dense_layers': 3, 'units_per_dense': 64, 'dropout_rate': 0.2, 'learning_rate': 0.000338071394713691, 'optimizer': 'rmsprop', 'conv_filters_0': 64, 'conv_filters_1': 32, 'conv_filters_2': 128, 'tuner/epochs': 10, 'tuner/initial_epoch': 0, 'tuner/bracket': 1, 'tuner/round': 0}"
0053,0.7894737124443054,"{'num_conv_blocks': 3, 'activation': 'elu', 'use_batch_norm': False, 'num_dense_layers': 3, 'units_per_dense': 448, 'dropout_rate': 0.2, 'learning_rate': 0.00022451511351400015, 'optimizer': 'adam', 'conv_filters_0': 32, 'conv_filters_1': 64, 'conv_filters_2': 64, 'tuner/epochs': 10, 'tuner/initial_epoch': 4, 'tuner/bracket': 2, 'tuner/round': 1, 'tuner/trial_id': '0038'}"
0113,0.7819548845291138,"{'num_conv_blocks': 2, 'activation': 'elu', 'use_batch_norm': False, 'num_dense_layers': 4, 'units_per_dense': 384, 'dropout_rate': 0.2, 'learning_rate': 0.0012533452698519777, 'optimizer': 'adam', 'conv_filters_0': 32, 'conv_filters_1': 32, 'conv_filters_2': 64, 'tuner/epochs': 4, 'tuner/initial_epoch': 0, 'tuner/bracket': 2, 'tuner/round': 0}"
0057,0.7819548845291138,"{'num_conv_blocks': 3, 'activation': 'elu', 'use_batch_norm': False, 'num_dense_layers': 4, 'units_per_dense': 64, 'dropout_rate': 0.30000000000000004, 'learning_rate': 0.0002864747350330777, 'optimizer': 'adam', 'conv_filters_0': 32, 'conv_filters_1': 128, 'conv_filters_2': 128, 'tuner/epochs': 10, 'tuner/initial_epoch': 0, 'tuner/bracket': 1, 'tuner/round': 0}"
0038,0.7593985199928284,"{'num_conv_blocks': 3, 'activation': 'elu', 'use_batch_norm': False, 'num_dense_layers': 3, 'units_per_dense': 448, 'dropout_rate': 0.2, 'learning_rate': 0.00022451511351400015, 'optimizer': 'adam', 'conv_filters_0': 32, 'conv_filters_1': 64, 'conv_filters_2': 64, 'tuner/epochs': 4, 'tuner/initial_epoch': 0, 'tuner/bracket': 2, 'tuner/round': 0}"
0056,0.7593985199928284,"{'num_conv_blocks': 2, 'activation': 'relu', 'use_batch_norm': True, 'num_dense_layers': 2, 'units_per_dense': 512, 'dropout_rate': 0.5, 'learning_rate': 0.0028731802605672548, 'optimizer': 'adam', 'conv_filters_0': 64, 'conv_filters_1': 64, 'conv_filters_2': 32, 'tuner/epochs': 10, 'tuner/initial_epoch': 0, 'tuner/bracket': 1, 'tuner/round': 0}"
0089,0.7518796920776367,"{'num_conv_blocks': 3, 'activation': 'elu', 'use_batch_norm': False, 'num_dense_layers': 3, 'units_per_dense': 384, 'dropout_rate': 0.4, 'learning_rate': 0.0003134741669875753, 'optimizer': 'adam', 'conv_filters_0': 64, 'conv_filters_1': 128, 'conv_filters_2': 32, 'tuner/epochs': 2, 'tuner/initial_epoch': 0, 'tuner/bracket': 3, 'tuner/round': 0}"
0059,0.7368420958518982,"{'num_conv_blocks': 3, 'activation': 'relu', 'use_batch_norm': True, 'num_dense_layers': 2, 'units_per_dense': 192, 'dropout_rate': 0.4, 'learning_rate': 0.00013515514857868552, 'optimizer': 'adam', 'conv_filters_0': 64, 'conv_filters_1': 128, 'conv_filters_2': 128, 'tuner/epochs': 10, 'tuner/initial_epoch': 0, 'tuner/bracket': 1, 'tuner/round': 0}"
0035,0.7368420958518982,"{'num_conv_blocks': 3, 'activation': 'elu', 'use_batch_norm': False, 'num_dense_layers': 2, 'units_per_dense': 384, 'dropout_rate': 0.30000000000000004, 'learning_rate': 0.0009686835179818646, 'optimizer': 'adam', 'conv_filters_0': 32, 'conv_filters_1': 64, 'conv_filters_2': 32, 'tuner/epochs': 4, 'tuner/initial_epoch': 2, 'tuner/bracket': 3, 'tuner/round': 1, 'tuner/trial_id': '0020'}"
0036,0.7368420958518982,"{'num_conv_blocks': 3, 'activation': 'elu', 'use_batch_norm': False, 'num_dense_layers': 3, 'units_per_dense': 320, 'dropout_rate': 0.6000000000000001, 'learning_rate': 0.00015651995376699836, 'optimizer': 'rmsprop', 'conv_filters_0': 32, 'conv_filters_1': 64, 'conv_filters_2': 32, 'tuner/epochs': 4, 'tuner/initial_epoch': 2, 'tuner/bracket': 3, 'tuner/round': 1, 'tuner/trial_id': '0025'}"
0102,0.7293233275413513,"{'num_conv_blocks': 3, 'activation': 'elu', 'use_batch_norm': False, 'num_dense_layers': 3, 'units_per_dense': 384, 'dropout_rate': 0.4, 'learning_rate': 0.0003134741669875753, 'optimizer': 'adam', 'conv_filters_0': 64, 'conv_filters_1': 128, 'conv_filters_2': 32, 'tuner/epochs': 4, 'tuner/initial_epoch': 2, 'tuner/bracket': 3, 'tuner/round': 1, 'tuner/trial_id': '0089'}"
0054,0.7218044996261597,"{'num_conv_blocks': 3, 'activation': 'elu', 'use_batch_norm': False, 'num_dense_layers': 2, 'units_per_dense': 512, 'dropout_rate': 0.4, 'learning_rate': 0.0047644674312897215, 'optimizer': 'sgd', 'conv_filters_0': 32, 'conv_filters_1': 128, 'conv_filters_2': 32, 'tuner/epochs': 10, 'tuner/initial_epoch': 4, 'tuner/bracket': 2, 'tuner/round': 1, 'tuner/trial_id': '0045'}"
0045,0.7142857313156128,"{'num_conv_blocks': 3, 'activation': 'elu', 'use_batch_norm': False, 'num_dense_layers': 2, 'units_per_dense': 512, 'dropout_rate': 0.4, 'learning_rate': 0.0047644674312897215, 'optimizer': 'sgd', 'conv_filters_0': 32, 'conv_filters_1': 128, 'conv_filters_2': 32, 'tuner/epochs': 4, 'tuner/initial_epoch': 0, 'tuner/bracket': 2, 'tuner/round': 0}"
0042,0.6992481350898743,"{'num_conv_blocks': 3, 'activation': 'relu', 'use_batch_norm': False, 'num_dense_layers': 3, 'units_per_dense': 256, 'dropout_rate': 0.6000000000000001, 'learning_rate': 0.00014723659770098695, 'optimizer': 'rmsprop', 'conv_filters_0': 32, 'conv_filters_1': 128, 'conv_filters_2': 64, 'tuner/epochs': 4, 'tuner/initial_epoch': 0, 'tuner/bracket': 2, 'tuner/round': 0}"
0034,0.6992481350898743,"{'num_conv_blocks': 2, 'activation': 'elu', 'use_batch_norm': False, 'num_dense_layers': 4, 'units_per_dense': 384, 'dropout_rate': 0.30000000000000004, 'learning_rate': 0.009519415634911517, 'optimizer': 'sgd', 'conv_filters_0': 128, 'conv_filters_1': 64, 'conv_filters_2': 32, 'tuner/epochs': 4, 'tuner/initial_epoch': 2, 'tuner/bracket': 3, 'tuner/round': 1, 'tuner/trial_id': '0029'}"
0110,0.6917293071746826,"{'num_conv_blocks': 2, 'activation': 'elu', 'use_batch_norm': False, 'num_dense_layers': 3, 'units_per_dense': 320, 'dropout_rate': 0.6000000000000001, 'learning_rate': 0.00220089569175077, 'optimizer': 'sgd', 'conv_filters_0': 128, 'conv_filters_1': 32, 'conv_filters_2': 32, 'tuner/epochs': 4, 'tuner/initial_epoch': 0, 'tuner/bracket': 2, 'tuner/round': 0}"
0044,0.6766917109489441,"{'num_conv_blocks': 3, 'activation': 'elu', 'use_batch_norm': False, 'num_dense_layers': 3, 'units_per_dense': 128, 'dropout_rate': 0.4, 'learning_rate': 0.00027737916414514253, 'optimizer': 'adam', 'conv_filters_0': 32, 'conv_filters_1': 128, 'conv_filters_2': 64, 'tuner/epochs': 4, 'tuner/initial_epoch': 0, 'tuner/bracket': 2, 'tuner/round': 0}"
0067,0.6691729426383972,"{'num_conv_blocks': 2, 'activation': 'relu', 'use_batch_norm': False, 'num_dense_layers': 2, 'units_per_dense': 448, 'dropout_rate': 0.6000000000000001, 'learning_rate': 0.0005152886366624843, 'optimizer': 'adam', 'conv_filters_0': 64, 'conv_filters_1': 32, 'conv_filters_2': 128, 'tuner/epochs': 30, 'tuner/initial_epoch': 0, 'tuner/bracket': 0, 'tuner/round': 0}"
0029,0.6541353464126587,"{'num_conv_blocks': 2, 'activation': 'elu', 'use_batch_norm': False, 'num_dense_layers': 4, 'units_per_dense': 384, 'dropout_rate': 0.30000000000000004, 'learning_rate': 0.009519415634911517, 'optimizer': 'sgd', 'conv_filters_0': 128, 'conv_filters_1': 64, 'conv_filters_2': 32, 'tuner/epochs': 2, 'tuner/initial_epoch': 0, 'tuner/bracket': 3, 'tuner/round': 0}"
0020,0.6390977501869202,"{'num_conv_blocks': 3, 'activation': 'elu', 'use_batch_norm': False, 'num_dense_layers': 2, 'units_per_dense': 384, 'dropout_rate': 0.30000000000000004, 'learning_rate': 0.0009686835179818646, 'optimizer': 'adam', 'conv_filters_0': 32, 'conv_filters_1': 64, 'conv_filters_2': 32, 'tuner/epochs': 2, 'tuner/initial_epoch': 0, 'tuner/bracket': 3, 'tuner/round': 0}"
0104,0.6240601539611816,"{'num_conv_blocks': 3, 'activation': 'elu', 'use_batch_norm': False, 'num_dense_layers': 3, 'units_per_dense': 256, 'dropout_rate': 0.6000000000000001, 'learning_rate': 0.0008280958300789735, 'optimizer': 'sgd', 'conv_filters_0': 128, 'conv_filters_1': 64, 'conv_filters_2': 32, 'tuner/epochs': 4, 'tuner/initial_epoch': 0, 'tuner/bracket': 2, 'tuner/round': 0}"
0025,0.6090225577354431,"{'num_conv_blocks': 3, 'activation': 'elu', 'use_batch_norm': False, 'num_dense_layers': 3, 'units_per_dense': 320, 'dropout_rate': 0.6000000000000001, 'learning_rate': 0.00015651995376699836, 'optimizer': 'rmsprop', 'conv_filters_0': 32, 'conv_filters_1': 64, 'conv_filters_2': 32, 'tuner/epochs': 2, 'tuner/initial_epoch': 0, 'tuner/bracket': 3, 'tuner/round': 0}"
0084,0.6090225577354431,"{'num_conv_blocks': 2, 'activation': 'elu', 'use_batch_norm': True, 'num_dense_layers': 2, 'units_per_dense': 128, 'dropout_rate': 0.5, 'learning_rate': 0.004402704250618613, 'optimizer': 'rmsprop', 'conv_filters_0': 32, 'conv_filters_1': 64, 'conv_filters_2': 32, 'tuner/epochs': 2, 'tuner/initial_epoch': 0, 'tuner/bracket': 3, 'tuner/round': 0}"
0086,0.5939849615097046,"{'num_conv_blocks': 3, 'activation': 'elu', 'use_batch_norm': False, 'num_dense_layers': 2, 'units_per_dense': 448, 'dropout_rate': 0.6000000000000001, 'learning_rate': 0.0017439212691277952, 'optimizer': 'sgd', 'conv_filters_0': 64, 'conv_filters_1': 64, 'conv_filters_2': 64, 'tuner/epochs': 2, 'tuner/initial_epoch': 0, 'tuner/bracket': 3, 'tuner/round': 0}"
0088,0.5789473652839661,"{'num_conv_blocks': 2, 'activation': 'elu', 'use_batch_norm': False, 'num_dense_layers': 3, 'units_per_dense': 128, 'dropout_rate': 0.4, 'learning_rate': 0.0008366328647698475, 'optimizer': 'sgd', 'conv_filters_0': 64, 'conv_filters_1': 128, 'conv_filters_2': 64, 'tuner/epochs': 2, 'tuner/initial_epoch': 0, 'tuner/bracket': 3, 'tuner/round': 0}"
0008,0.5563910007476807,"{'num_conv_blocks': 2, 'activation': 'relu', 'use_batch_norm': False, 'num_dense_layers': 2, 'units_per_dense': 384, 'dropout_rate': 0.6000000000000001, 'learning_rate': 0.001175213995281346, 'optimizer': 'adam', 'conv_filters_0': 32, 'conv_filters_1': 32, 'conv_filters_2': 32, 'tuner/epochs': 2, 'tuner/initial_epoch': 0, 'tuner/bracket': 3, 'tuner/round': 0}"
0026,0.5563910007476807,"{'num_conv_blocks': 3, 'activation': 'elu', 'use_batch_norm': True, 'num_dense_layers': 4, 'units_per_dense': 64, 'dropout_rate': 0.5, 'learning_rate': 0.0015434163927946331, 'optimizer': 'adam', 'conv_filters_0': 64, 'conv_filters_1': 64, 'conv_filters_2': 64, 'tuner/epochs': 2, 'tuner/initial_epoch': 0, 'tuner/bracket': 3, 'tuner/round': 0}"
0037,0.548872172832489,"{'num_conv_blocks': 2, 'activation': 'relu', 'use_batch_norm': False, 'num_dense_layers': 2, 'units_per_dense': 384, 'dropout_rate': 0.6000000000000001, 'learning_rate': 0.001175213995281346, 'optimizer': 'adam', 'conv_filters_0': 32, 'conv_filters_1': 32, 'conv_filters_2': 32, 'tuner/epochs': 4, 'tuner/initial_epoch': 2, 'tuner/bracket': 3, 'tuner/round': 1, 'tuner/trial_id': '0008'}"
0122,0.518796980381012,"{'num_conv_blocks': 3, 'activation': 'elu', 'use_batch_norm': False, 'num_dense_layers': 3, 'units_per_dense': 320, 'dropout_rate': 0.30000000000000004, 'learning_rate': 0.001974525683893352, 'optimizer': 'rmsprop', 'conv_filters_0': 32, 'conv_filters_1': 128, 'conv_filters_2': 32, 'tuner/epochs': 10, 'tuner/initial_epoch': 0, 'tuner/bracket': 1, 'tuner/round': 0}"
0011,0.518796980381012,"{'num_conv_blocks': 3, 'activation': 'elu', 'use_batch_norm': False, 'num_dense_layers': 2, 'units_per_dense': 192, 'dropout_rate': 0.30000000000000004, 'learning_rate': 0.004659438266599129, 'optimizer': 'sgd', 'conv_filters_0': 64, 'conv_filters_1': 128, 'conv_filters_2': 128, 'tuner/epochs': 2, 'tuner/initial_epoch': 0, 'tuner/bracket': 3, 'tuner/round': 0}"
0078,0.5037593841552734,"{'num_conv_blocks': 2, 'activation': 'elu', 'use_batch_norm': True, 'num_dense_layers': 2, 'units_per_dense': 512, 'dropout_rate': 0.2, 'learning_rate': 0.00013322098064721589, 'optimizer': 'rmsprop', 'conv_filters_0': 32, 'conv_filters_1': 64, 'conv_filters_2': 64, 'tuner/epochs': 2, 'tuner/initial_epoch': 0, 'tuner/bracket': 3, 'tuner/round': 0}"
0033,0.5037593841552734,"{'num_conv_blocks': 3, 'activation': 'elu', 'use_batch_norm': False, 'num_dense_layers': 2, 'units_per_dense': 128, 'dropout_rate': 0.30000000000000004, 'learning_rate': 0.00044007375079028473, 'optimizer': 'adam', 'conv_filters_0': 64, 'conv_filters_1': 64, 'conv_filters_2': 128, 'tuner/epochs': 2, 'tuner/initial_epoch': 0, 'tuner/bracket': 3, 'tuner/round': 0}"
0040,0.49624061584472656,"{'num_conv_blocks': 3, 'activation': 'relu', 'use_batch_norm': False, 'num_dense_layers': 4, 'units_per_dense': 320, 'dropout_rate': 0.2, 'learning_rate': 0.002956233014862521, 'optimizer': 'sgd', 'conv_filters_0': 32, 'conv_filters_1': 64, 'conv_filters_2': 64, 'tuner/epochs': 4, 'tuner/initial_epoch': 0, 'tuner/bracket': 2, 'tuner/round': 0}"
0017,0.4887218177318573,"{'num_conv_blocks': 2, 'activation': 'relu', 'use_batch_norm': False, 'num_dense_layers': 2, 'units_per_dense': 128, 'dropout_rate': 0.5, 'learning_rate': 0.00011830854700554212, 'optimizer': 'adam', 'conv_filters_0': 32, 'conv_filters_1': 128, 'conv_filters_2': 32, 'tuner/epochs': 2, 'tuner/initial_epoch': 0, 'tuner/bracket': 3, 'tuner/round': 0}"
0080,0.4887218177318573,"{'num_conv_blocks': 3, 'activation': 'relu', 'use_batch_norm': False, 'num_dense_layers': 4, 'units_per_dense': 64, 'dropout_rate': 0.4, 'learning_rate': 0.00011136911847047254, 'optimizer': 'adam', 'conv_filters_0': 32, 'conv_filters_1': 64, 'conv_filters_2': 128, 'tuner/epochs': 2, 'tuner/initial_epoch': 0, 'tuner/bracket': 3, 'tuner/round': 0}"
0107,0.48120301961898804,"{'num_conv_blocks': 2, 'activation': 'relu', 'use_batch_norm': False, 'num_dense_layers': 2, 'units_per_dense': 448, 'dropout_rate': 0.2, 'learning_rate': 0.000201419610821259, 'optimizer': 'sgd', 'conv_filters_0': 64, 'conv_filters_1': 64, 'conv_filters_2': 64, 'tuner/epochs': 4, 'tuner/initial_epoch': 0, 'tuner/bracket': 2, 'tuner/round': 0}"
0006,0.4661654233932495,"{'num_conv_blocks': 2, 'activation': 'elu', 'use_batch_norm': True, 'num_dense_layers': 2, 'units_per_dense': 64, 'dropout_rate': 0.2, 'learning_rate': 0.00028876663931139905, 'optimizer': 'rmsprop', 'conv_filters_0': 64, 'conv_filters_1': 32, 'conv_filters_2': 32, 'tuner/epochs': 2, 'tuner/initial_epoch': 0, 'tuner/bracket': 3, 'tuner/round': 0}"
0024,0.45864662528038025,"{'num_conv_blocks': 3, 'activation': 'relu', 'use_batch_norm': False, 'num_dense_layers': 3, 'units_per_dense': 448, 'dropout_rate': 0.30000000000000004, 'learning_rate': 0.00014944917411779363, 'optimizer': 'rmsprop', 'conv_filters_0': 64, 'conv_filters_1': 32, 'conv_filters_2': 64, 'tuner/epochs': 2, 'tuner/initial_epoch': 0, 'tuner/bracket': 3, 'tuner/round': 0}"
0079,0.451127827167511,"{'num_conv_blocks': 2, 'activation': 'elu', 'use_batch_norm': True, 'num_dense_layers': 4, 'units_per_dense': 384, 'dropout_rate': 0.2, 'learning_rate': 0.00036652514116130154, 'optimizer': 'rmsprop', 'conv_filters_0': 64, 'conv_filters_1': 128, 'conv_filters_2': 128, 'tuner/epochs': 2, 'tuner/initial_epoch': 0, 'tuner/bracket': 3, 'tuner/round': 0}"
0048,0.451127827167511,"{'num_conv_blocks': 3, 'activation': 'relu', 'use_batch_norm': True, 'num_dense_layers': 3, 'units_per_dense': 384, 'dropout_rate': 0.5, 'learning_rate': 0.00178701749121327, 'optimizer': 'rmsprop', 'conv_filters_0': 32, 'conv_filters_1': 32, 'conv_filters_2': 32, 'tuner/epochs': 4, 'tuner/initial_epoch': 0, 'tuner/bracket': 2, 'tuner/round': 0}"
0050,0.451127827167511,"{'num_conv_blocks': 2, 'activation': 'elu', 'use_batch_norm': True, 'num_dense_layers': 2, 'units_per_dense': 512, 'dropout_rate': 0.5, 'learning_rate': 0.00022635543607274578, 'optimizer': 'sgd', 'conv_filters_0': 64, 'conv_filters_1': 32, 'conv_filters_2': 32, 'tuner/epochs': 4, 'tuner/initial_epoch': 0, 'tuner/bracket': 2, 'tuner/round': 0}"
0005,0.4436090290546417,"{'num_conv_blocks': 2, 'activation': 'elu', 'use_batch_norm': True, 'num_dense_layers': 3, 'units_per_dense': 256, 'dropout_rate': 0.5, 'learning_rate': 0.0011178417270725715, 'optimizer': 'sgd', 'conv_filters_0': 64, 'conv_filters_1': 64, 'conv_filters_2': 32, 'tuner/epochs': 2, 'tuner/initial_epoch': 0, 'tuner/bracket': 3, 'tuner/round': 0}"
0119,0.4285714328289032,"{'num_conv_blocks': 3, 'activation': 'relu', 'use_batch_norm': False, 'num_dense_layers': 4, 'units_per_dense': 448, 'dropout_rate': 0.6000000000000001, 'learning_rate': 0.00015480544731661438, 'optimizer': 'sgd', 'conv_filters_0': 32, 'conv_filters_1': 32, 'conv_filters_2': 128, 'tuner/epochs': 10, 'tuner/initial_epoch': 0, 'tuner/bracket': 1, 'tuner/round': 0}"
0041,0.42105263471603394,"{'num_conv_blocks': 3, 'activation': 'relu', 'use_batch_norm': True, 'num_dense_layers': 4, 'units_per_dense': 128, 'dropout_rate': 0.4, 'learning_rate': 0.0001787125964217817, 'optimizer': 'adam', 'conv_filters_0': 64, 'conv_filters_1': 128, 'conv_filters_2': 128, 'tuner/epochs': 4, 'tuner/initial_epoch': 0, 'tuner/bracket': 2, 'tuner/round': 0}"
0010,0.42105263471603394,"{'num_conv_blocks': 2, 'activation': 'elu', 'use_batch_norm': True, 'num_dense_layers': 4, 'units_per_dense': 64, 'dropout_rate': 0.4, 'learning_rate': 0.0006242557612186153, 'optimizer': 'rmsprop', 'conv_filters_0': 32, 'conv_filters_1': 64, 'conv_filters_2': 64, 'tuner/epochs': 2, 'tuner/initial_epoch': 0, 'tuner/bracket': 3, 'tuner/round': 0}"
0072,0.4135338366031647,"{'num_conv_blocks': 3, 'activation': 'relu', 'use_batch_norm': True, 'num_dense_layers': 2, 'units_per_dense': 384, 'dropout_rate': 0.2, 'learning_rate': 0.000555659662817629, 'optimizer': 'sgd', 'conv_filters_0': 32, 'conv_filters_1': 32, 'conv_filters_2': 128, 'tuner/epochs': 2, 'tuner/initial_epoch': 0, 'tuner/bracket': 3, 'tuner/round': 0}"
0013,0.4135338366031647,"{'num_conv_blocks': 2, 'activation': 'elu', 'use_batch_norm': True, 'num_dense_layers': 4, 'units_per_dense': 64, 'dropout_rate': 0.5, 'learning_rate': 0.0002571412776290704, 'optimizer': 'adam', 'conv_filters_0': 32, 'conv_filters_1': 32, 'conv_filters_2': 32, 'tuner/epochs': 2, 'tuner/initial_epoch': 0, 'tuner/bracket': 3, 'tuner/round': 0}"
0007,0.4060150384902954,"{'num_conv_blocks': 3, 'activation': 'relu', 'use_batch_norm': True, 'num_dense_layers': 3, 'units_per_dense': 448, 'dropout_rate': 0.5, 'learning_rate': 0.003244474257063657, 'optimizer': 'sgd', 'conv_filters_0': 64, 'conv_filters_1': 128, 'conv_filters_2': 32, 'tuner/epochs': 2, 'tuner/initial_epoch': 0, 'tuner/bracket': 3, 'tuner/round': 0}"
0111,0.3909774422645569,"{'num_conv_blocks': 2, 'activation': 'elu', 'use_batch_norm': True, 'num_dense_layers': 4, 'units_per_dense': 128, 'dropout_rate': 0.2, 'learning_rate': 0.0025926424851734835, 'optimizer': 'rmsprop', 'conv_filters_0': 128, 'conv_filters_1': 32, 'conv_filters_2': 64, 'tuner/epochs': 4, 'tuner/initial_epoch': 0, 'tuner/bracket': 2, 'tuner/round': 0}"
0014,0.3909774422645569,"{'num_conv_blocks': 2, 'activation': 'elu', 'use_batch_norm': True, 'num_dense_layers': 3, 'units_per_dense': 384, 'dropout_rate': 0.6000000000000001, 'learning_rate': 0.0014264707401098879, 'optimizer': 'rmsprop', 'conv_filters_0': 32, 'conv_filters_1': 32, 'conv_filters_2': 64, 'tuner/epochs': 2, 'tuner/initial_epoch': 0, 'tuner/bracket': 3, 'tuner/round': 0}"
0096,0.3834586441516876,"{'num_conv_blocks': 3, 'activation': 'relu', 'use_batch_norm': True, 'num_dense_layers': 4, 'units_per_dense': 448, 'dropout_rate': 0.2, 'learning_rate': 0.007195712607074813, 'optimizer': 'rmsprop', 'conv_filters_0': 32, 'conv_filters_1': 64, 'conv_filters_2': 32, 'tuner/epochs': 2, 'tuner/initial_epoch': 0, 'tuner/bracket': 3, 'tuner/round': 0}"
0091,0.37593984603881836,"{'num_conv_blocks': 3, 'activation': 'relu', 'use_batch_norm': True, 'num_dense_layers': 4, 'units_per_dense': 256, 'dropout_rate': 0.30000000000000004, 'learning_rate': 0.0009376213735689443, 'optimizer': 'rmsprop', 'conv_filters_0': 32, 'conv_filters_1': 128, 'conv_filters_2': 128, 'tuner/epochs': 2, 'tuner/initial_epoch': 0, 'tuner/bracket': 3, 'tuner/round': 0}"
0101,0.37593984603881836,"{'num_conv_blocks': 3, 'activation': 'elu', 'use_batch_norm': False, 'num_dense_layers': 2, 'units_per_dense': 384, 'dropout_rate': 0.30000000000000004, 'learning_rate': 0.00011181404254174737, 'optimizer': 'sgd', 'conv_filters_0': 64, 'conv_filters_1': 128, 'conv_filters_2': 64, 'tuner/epochs': 2, 'tuner/initial_epoch': 0, 'tuner/bracket': 3, 'tuner/round': 0}"
0071,0.35338345170021057,"{'num_conv_blocks': 3, 'activation': 'elu', 'use_batch_norm': True, 'num_dense_layers': 3, 'units_per_dense': 64, 'dropout_rate': 0.5, 'learning_rate': 0.0008114161130365027, 'optimizer': 'rmsprop', 'conv_filters_0': 32, 'conv_filters_1': 128, 'conv_filters_2': 32, 'tuner/epochs': 2, 'tuner/initial_epoch': 0, 'tuner/bracket': 3, 'tuner/round': 0}"
0012,0.3458646535873413,"{'num_conv_blocks': 2, 'activation': 'relu', 'use_batch_norm': False, 'num_dense_layers': 4, 'units_per_dense': 512, 'dropout_rate': 0.6000000000000001, 'learning_rate': 0.0008788815784436897, 'optimizer': 'rmsprop', 'conv_filters_0': 64, 'conv_filters_1': 64, 'conv_filters_2': 128, 'tuner/epochs': 2, 'tuner/initial_epoch': 0, 'tuner/bracket': 3, 'tuner/round': 0}"
0031,0.3458646535873413,"{'num_conv_blocks': 3, 'activation': 'relu', 'use_batch_norm': True, 'num_dense_layers': 2, 'units_per_dense': 256, 'dropout_rate': 0.2, 'learning_rate': 0.004678935030371913, 'optimizer': 'adam', 'conv_filters_0': 128, 'conv_filters_1': 128, 'conv_filters_2': 32, 'tuner/epochs': 2, 'tuner/initial_epoch': 0, 'tuner/bracket': 3, 'tuner/round': 0}"
0030,0.3458646535873413,"{'num_conv_blocks': 2, 'activation': 'elu', 'use_batch_norm': True, 'num_dense_layers': 3, 'units_per_dense': 192, 'dropout_rate': 0.4, 'learning_rate': 0.009719857082698607, 'optimizer': 'sgd', 'conv_filters_0': 64, 'conv_filters_1': 128, 'conv_filters_2': 128, 'tuner/epochs': 2, 'tuner/initial_epoch': 0, 'tuner/bracket': 3, 'tuner/round': 0}"
0027,0.3458646535873413,"{'num_conv_blocks': 2, 'activation': 'relu', 'use_batch_norm': False, 'num_dense_layers': 3, 'units_per_dense': 192, 'dropout_rate': 0.6000000000000001, 'learning_rate': 0.0011726775218545418, 'optimizer': 'sgd', 'conv_filters_0': 64, 'conv_filters_1': 128, 'conv_filters_2': 128, 'tuner/epochs': 2, 'tuner/initial_epoch': 0, 'tuner/bracket': 3, 'tuner/round': 0}"
0083,0.3458646535873413,"{'num_conv_blocks': 3, 'activation': 'elu', 'use_batch_norm': True, 'num_dense_layers': 2, 'units_per_dense': 384, 'dropout_rate': 0.5, 'learning_rate': 0.0007672935450276402, 'optimizer': 'rmsprop', 'conv_filters_0': 64, 'conv_filters_1': 128, 'conv_filters_2': 64, 'tuner/epochs': 2, 'tuner/initial_epoch': 0, 'tuner/bracket': 3, 'tuner/round': 0}"
0105,0.33834585547447205,"{'num_conv_blocks': 2, 'activation': 'elu', 'use_batch_norm': False, 'num_dense_layers': 2, 'units_per_dense': 64, 'dropout_rate': 0.4, 'learning_rate': 0.0027892542668131845, 'optimizer': 'adam', 'conv_filters_0': 64, 'conv_filters_1': 64, 'conv_filters_2': 128, 'tuner/epochs': 4, 'tuner/initial_epoch': 0, 'tuner/bracket': 2, 'tuner/round': 0}"
0051,0.33834585547447205,"{'num_conv_blocks': 3, 'activation': 'elu', 'use_batch_norm': False, 'num_dense_layers': 4, 'units_per_dense': 384, 'dropout_rate': 0.6000000000000001, 'learning_rate': 0.005325263901260751, 'optimizer': 'adam', 'conv_filters_0': 128, 'conv_filters_1': 64, 'conv_filters_2': 64, 'tuner/epochs': 4, 'tuner/initial_epoch': 0, 'tuner/bracket': 2, 'tuner/round': 0}"
0075,0.33834585547447205,"{'num_conv_blocks': 3, 'activation': 'elu', 'use_batch_norm': False, 'num_dense_layers': 3, 'units_per_dense': 512, 'dropout_rate': 0.6000000000000001, 'learning_rate': 0.008715947772568951, 'optimizer': 'adam', 'conv_filters_0': 64, 'conv_filters_1': 32, 'conv_filters_2': 64, 'tuner/epochs': 2, 'tuner/initial_epoch': 0, 'tuner/bracket': 3, 'tuner/round': 0}"
0028,0.33834585547447205,"{'num_conv_blocks': 3, 'activation': 'relu', 'use_batch_norm': True, 'num_dense_layers': 4, 'units_per_dense': 448, 'dropout_rate': 0.6000000000000001, 'learning_rate': 0.003937767129539985, 'optimizer': 'sgd', 'conv_filters_0': 32, 'conv_filters_1': 32, 'conv_filters_2': 128, 'tuner/epochs': 2, 'tuner/initial_epoch': 0, 'tuner/bracket': 3, 'tuner/round': 0}"
0068,0.33834585547447205,"{'num_conv_blocks': 2, 'activation': 'relu', 'use_batch_norm': True, 'num_dense_layers': 2, 'units_per_dense': 384, 'dropout_rate': 0.4, 'learning_rate': 0.004450164186611188, 'optimizer': 'adam', 'conv_filters_0': 128, 'conv_filters_1': 64, 'conv_filters_2': 64, 'tuner/epochs': 2, 'tuner/initial_epoch': 0, 'tuner/bracket': 3, 'tuner/round': 0}"
0002,0.33834585547447205,"{'num_conv_blocks': 3, 'activation': 'relu', 'use_batch_norm': False, 'num_dense_layers': 4, 'units_per_dense': 384, 'dropout_rate': 0.4, 'learning_rate': 0.009256123403756724, 'optimizer': 'adam', 'conv_filters_0': 32, 'conv_filters_1': 32, 'tuner/epochs': 2, 'tuner/initial_epoch': 0, 'tuner/bracket': 3, 'tuner/round': 0, 'conv_filters_2': 32}"
0131,0.33834585547447205,"{'num_conv_blocks': 3, 'activation': 'elu', 'use_batch_norm': False, 'num_dense_layers': 3, 'units_per_dense': 128, 'dropout_rate': 0.6000000000000001, 'learning_rate': 0.002577673485035491, 'optimizer': 'adam', 'conv_filters_0': 32, 'conv_filters_1': 32, 'conv_filters_2': 128, 'tuner/epochs': 30, 'tuner/initial_epoch': 0, 'tuner/bracket': 0, 'tuner/round': 0}"
0117,0.33834585547447205,"{'num_conv_blocks': 2, 'activation': 'elu', 'use_batch_norm': True, 'num_dense_layers': 4, 'units_per_dense': 192, 'dropout_rate': 0.30000000000000004, 'learning_rate': 0.001209939248304343, 'optimizer': 'rmsprop', 'conv_filters_0': 128, 'conv_filters_1': 128, 'conv_filters_2': 128, 'tuner/epochs': 4, 'tuner/initial_epoch': 0, 'tuner/bracket': 2, 'tuner/round': 0}"
0039,0.3308270573616028,"{'num_conv_blocks': 3, 'activation': 'relu', 'use_batch_norm': False, 'num_dense_layers': 3, 'units_per_dense': 512, 'dropout_rate': 0.6000000000000001, 'learning_rate': 0.00454138170228049, 'optimizer': 'rmsprop', 'conv_filters_0': 64, 'conv_filters_1': 128, 'conv_filters_2': 32, 'tuner/epochs': 4, 'tuner/initial_epoch': 0, 'tuner/bracket': 2, 'tuner/round': 0}"
0118,0.3308270573616028,"{'num_conv_blocks': 2, 'activation': 'elu', 'use_batch_norm': True, 'num_dense_layers': 3, 'units_per_dense': 320, 'dropout_rate': 0.30000000000000004, 'learning_rate': 0.002344186864549139, 'optimizer': 'adam', 'conv_filters_0': 128, 'conv_filters_1': 128, 'conv_filters_2': 64, 'tuner/epochs': 4, 'tuner/initial_epoch': 0, 'tuner/bracket': 2, 'tuner/round': 0}"
0074,0.3308270573616028,"{'num_conv_blocks': 2, 'activation': 'relu', 'use_batch_norm': True, 'num_dense_layers': 2, 'units_per_dense': 320, 'dropout_rate': 0.2, 'learning_rate': 0.004568991430598756, 'optimizer': 'sgd', 'conv_filters_0': 64, 'conv_filters_1': 32, 'conv_filters_2': 128, 'tuner/epochs': 2, 'tuner/initial_epoch': 0, 'tuner/bracket': 3, 'tuner/round': 0}"
0032,0.3308270573616028,"{'num_conv_blocks': 2, 'activation': 'elu', 'use_batch_norm': True, 'num_dense_layers': 3, 'units_per_dense': 64, 'dropout_rate': 0.4, 'learning_rate': 0.00021266400409975588, 'optimizer': 'sgd', 'conv_filters_0': 64, 'conv_filters_1': 32, 'conv_filters_2': 128, 'tuner/epochs': 2, 'tuner/initial_epoch': 0, 'tuner/bracket': 3, 'tuner/round': 0}"
0097,0.3308270573616028,"{'num_conv_blocks': 2, 'activation': 'relu', 'use_batch_norm': True, 'num_dense_layers': 4, 'units_per_dense': 64, 'dropout_rate': 0.5, 'learning_rate': 0.00021923887986249234, 'optimizer': 'sgd', 'conv_filters_0': 128, 'conv_filters_1': 128, 'conv_filters_2': 32, 'tuner/epochs': 2, 'tuner/initial_epoch': 0, 'tuner/bracket': 3, 'tuner/round': 0}"
0052,0.3308270573616028,"{'num_conv_blocks': 3, 'activation': 'relu', 'use_batch_norm': False, 'num_dense_layers': 2, 'units_per_dense': 512, 'dropout_rate': 0.30000000000000004, 'learning_rate': 0.007741811088364651, 'optimizer': 'adam', 'conv_filters_0': 128, 'conv_filters_1': 128, 'conv_filters_2': 128, 'tuner/epochs': 4, 'tuner/initial_epoch': 0, 'tuner/bracket': 2, 'tuner/round': 0}"
0082,0.3308270573616028,"{'num_conv_blocks': 3, 'activation': 'relu', 'use_batch_norm': False, 'num_dense_layers': 4, 'units_per_dense': 64, 'dropout_rate': 0.30000000000000004, 'learning_rate': 0.00158739366255788, 'optimizer': 'rmsprop', 'conv_filters_0': 32, 'conv_filters_1': 32, 'conv_filters_2': 64, 'tuner/epochs': 2, 'tuner/initial_epoch': 0, 'tuner/bracket': 3, 'tuner/round': 0}"
0009,0.3308270573616028,"{'num_conv_blocks': 3, 'activation': 'elu', 'use_batch_norm': True, 'num_dense_layers': 4, 'units_per_dense': 512, 'dropout_rate': 0.30000000000000004, 'learning_rate': 0.00035845621874936584, 'optimizer': 'adam', 'conv_filters_0': 128, 'conv_filters_1': 128, 'conv_filters_2': 64, 'tuner/epochs': 2, 'tuner/initial_epoch': 0, 'tuner/bracket': 3, 'tuner/round': 0}"
0095,0.3308270573616028,"{'num_conv_blocks': 3, 'activation': 'relu', 'use_batch_norm': False, 'num_dense_layers': 4, 'units_per_dense': 128, 'dropout_rate': 0.6000000000000001, 'learning_rate': 0.0002241997932814332, 'optimizer': 'adam', 'conv_filters_0': 128, 'conv_filters_1': 32, 'conv_filters_2': 64, 'tuner/epochs': 2, 'tuner/initial_epoch': 0, 'tuner/bracket': 3, 'tuner/round': 0}"
0100,0.3308270573616028,"{'num_conv_blocks': 2, 'activation': 'relu', 'use_batch_norm': False, 'num_dense_layers': 4, 'units_per_dense': 256, 'dropout_rate': 0.4, 'learning_rate': 0.0015109090763929108, 'optimizer': 'rmsprop', 'conv_filters_0': 64, 'conv_filters_1': 64, 'conv_filters_2': 128, 'tuner/epochs': 2, 'tuner/initial_epoch': 0, 'tuner/bracket': 3, 'tuner/round': 0}"
0021,0.3308270573616028,"{'num_conv_blocks': 2, 'activation': 'elu', 'use_batch_norm': False, 'num_dense_layers': 2, 'units_per_dense': 64, 'dropout_rate': 0.5, 'learning_rate': 0.002717326166807044, 'optimizer': 'rmsprop', 'conv_filters_0': 32, 'conv_filters_1': 64, 'conv_filters_2': 32, 'tuner/epochs': 2, 'tuner/initial_epoch': 0, 'tuner/bracket': 3, 'tuner/round': 0}"
0098,0.3308270573616028,"{'num_conv_blocks': 2, 'activation': 'relu', 'use_batch_norm': True, 'num_dense_layers': 2, 'units_per_dense': 128, 'dropout_rate': 0.30000000000000004, 'learning_rate': 0.0039879189720959645, 'optimizer': 'rmsprop', 'conv_filters_0': 128, 'conv_filters_1': 32, 'conv_filters_2': 32, 'tuner/epochs': 2, 'tuner/initial_epoch': 0, 'tuner/bracket': 3, 'tuner/round': 0}"
0016,0.3308270573616028,"{'num_conv_blocks': 3, 'activation': 'elu', 'use_batch_norm': True, 'num_dense_layers': 3, 'units_per_dense': 192, 'dropout_rate': 0.5, 'learning_rate': 0.0001831692097718212, 'optimizer': 'rmsprop', 'conv_filters_0': 32, 'conv_filters_1': 128, 'conv_filters_2': 64, 'tuner/epochs': 2, 'tuner/initial_epoch': 0, 'tuner/bracket': 3, 'tuner/round': 0}"
0049,0.3308270573616028,"{'num_conv_blocks': 3, 'activation': 'relu', 'use_batch_norm': False, 'num_dense_layers': 4, 'units_per_dense': 128, 'dropout_rate': 0.30000000000000004, 'learning_rate': 0.006083405571529606, 'optimizer': 'rmsprop', 'conv_filters_0': 128, 'conv_filters_1': 64, 'conv_filters_2': 32, 'tuner/epochs': 4, 'tuner/initial_epoch': 0, 'tuner/bracket': 2, 'tuner/round': 0}"
0112,0.3308270573616028,"{'num_conv_blocks': 2, 'activation': 'relu', 'use_batch_norm': False, 'num_dense_layers': 2, 'units_per_dense': 448, 'dropout_rate': 0.4, 'learning_rate': 0.005766811298898841, 'optimizer': 'adam', 'conv_filters_0': 64, 'conv_filters_1': 128, 'conv_filters_2': 64, 'tuner/epochs': 4, 'tuner/initial_epoch': 0, 'tuner/bracket': 2, 'tuner/round': 0}"
0092,0.3308270573616028,"{'num_conv_blocks': 3, 'activation': 'relu', 'use_batch_norm': False, 'num_dense_layers': 3, 'units_per_dense': 64, 'dropout_rate': 0.5, 'learning_rate': 0.004492086923440904, 'optimizer': 'rmsprop', 'conv_filters_0': 64, 'conv_filters_1': 64, 'conv_filters_2': 32, 'tuner/epochs': 2, 'tuner/initial_epoch': 0, 'tuner/bracket': 3, 'tuner/round': 0}"
0103,0.3308270573616028,"{'num_conv_blocks': 2, 'activation': 'elu', 'use_batch_norm': True, 'num_dense_layers': 2, 'units_per_dense': 128, 'dropout_rate': 0.5, 'learning_rate': 0.004402704250618613, 'optimizer': 'rmsprop', 'conv_filters_0': 32, 'conv_filters_1': 64, 'conv_filters_2': 32, 'tuner/epochs': 4, 'tuner/initial_epoch': 2, 'tuner/bracket': 3, 'tuner/round': 1, 'tuner/trial_id': '0084'}"
0106,0.3308270573616028,"{'num_conv_blocks': 2, 'activation': 'elu', 'use_batch_norm': False, 'num_dense_layers': 2, 'units_per_dense': 128, 'dropout_rate': 0.30000000000000004, 'learning_rate': 0.0039001415091656235, 'optimizer': 'rmsprop', 'conv_filters_0': 128, 'conv_filters_1': 64, 'conv_filters_2': 64, 'tuner/epochs': 4, 'tuner/initial_epoch': 0, 'tuner/bracket': 2, 'tuner/round': 0}"
0000,0.3308270573616028,"{'num_conv_blocks': 2, 'activation': 'elu', 'use_batch_norm': True, 'num_dense_layers': 3, 'units_per_dense': 320, 'dropout_rate': 0.4, 'learning_rate': 0.00011952821922571687, 'optimizer': 'rmsprop', 'conv_filters_0': 128, 'conv_filters_1': 64, 'tuner/epochs': 2, 'tuner/initial_epoch': 0, 'tuner/bracket': 3, 'tuner/round': 0}"
0085,0.3308270573616028,"{'num_conv_blocks': 3, 'activation': 'elu', 'use_batch_norm': True, 'num_dense_layers': 4, 'units_per_dense': 256, 'dropout_rate': 0.5, 'learning_rate': 0.0038872252388611763, 'optimizer': 'rmsprop', 'conv_filters_0': 64, 'conv_filters_1': 64, 'conv_filters_2': 32, 'tuner/epochs': 2, 'tuner/initial_epoch': 0, 'tuner/bracket': 3, 'tuner/round': 0}"
0099,0.3308270573616028,"{'num_conv_blocks': 3, 'activation': 'relu', 'use_batch_norm': True, 'num_dense_layers': 2, 'units_per_dense': 192, 'dropout_rate': 0.5, 'learning_rate': 0.0001364527499203965, 'optimizer': 'rmsprop', 'conv_filters_0': 128, 'conv_filters_1': 32, 'conv_filters_2': 128, 'tuner/epochs': 2, 'tuner/initial_epoch': 0, 'tuner/bracket': 3, 'tuner/round': 0}"
0004,,"{'num_conv_blocks': 2, 'activation': 'elu', 'use_batch_norm': True, 'num_dense_layers': 3, 'units_per_dense': 512, 'dropout_rate': 0.6000000000000001, 'learning_rate': 0.0004100285429594797, 'optimizer': 'sgd', 'conv_filters_0': 64, 'conv_filters_1': 32, 'conv_filters_2': 64, 'tuner/epochs': 2, 'tuner/initial_epoch': 0, 'tuner/bracket': 3, 'tuner/round': 0}"
0087,,"{'num_conv_blocks': 2, 'activation': 'relu', 'use_batch_norm': False, 'num_dense_layers': 2, 'units_per_dense': 64, 'dropout_rate': 0.30000000000000004, 'learning_rate': 0.00016041213503222812, 'optimizer': 'rmsprop', 'conv_filters_0': 128, 'conv_filters_1': 128, 'conv_filters_2': 64, 'tuner/epochs': 2, 'tuner/initial_epoch': 0, 'tuner/bracket': 3, 'tuner/round': 0}"
0108,,"{'num_conv_blocks': 2, 'activation': 'elu', 'use_batch_norm': False, 'num_dense_layers': 4, 'units_per_dense': 384, 'dropout_rate': 0.6000000000000001, 'learning_rate': 0.0007090582191927241, 'optimizer': 'rmsprop', 'conv_filters_0': 128, 'conv_filters_1': 64, 'conv_filters_2': 64, 'tuner/epochs': 4, 'tuner/initial_epoch': 0, 'tuner/bracket': 2, 'tuner/round': 0}"
0077,,"{'num_conv_blocks': 3, 'activation': 'elu', 'use_batch_norm': False, 'num_dense_layers': 3, 'units_per_dense': 512, 'dropout_rate': 0.2, 'learning_rate': 0.0017892911614866354, 'optimizer': 'sgd', 'conv_filters_0': 64, 'conv_filters_1': 64, 'conv_filters_2': 64, 'tuner/epochs': 2, 'tuner/initial_epoch': 0, 'tuner/bracket': 3, 'tuner/round': 0}"
0043,,"{'num_conv_blocks': 2, 'activation': 'relu', 'use_batch_norm': False, 'num_dense_layers': 2, 'units_per_dense': 64, 'dropout_rate': 0.2, 'learning_rate': 0.0018761421496988281, 'optimizer': 'sgd', 'conv_filters_0': 128, 'conv_filters_1': 32, 'conv_filters_2': 64, 'tuner/epochs': 4, 'tuner/initial_epoch': 0, 'tuner/bracket': 2, 'tuner/round': 0}"
0081,,"{'num_conv_blocks': 2, 'activation': 'relu', 'use_batch_norm': False, 'num_dense_layers': 2, 'units_per_dense': 384, 'dropout_rate': 0.5, 'learning_rate': 0.0007588323663982013, 'optimizer': 'sgd', 'conv_filters_0': 128, 'conv_filters_1': 64, 'conv_filters_2': 64, 'tuner/epochs': 2, 'tuner/initial_epoch': 0, 'tuner/bracket': 3, 'tuner/round': 0}"
0094,,"{'num_conv_blocks': 2, 'activation': 'relu', 'use_batch_norm': False, 'num_dense_layers': 3, 'units_per_dense': 448, 'dropout_rate': 0.5, 'learning_rate': 0.0001752687696615731, 'optimizer': 'adam', 'conv_filters_0': 128, 'conv_filters_1': 64, 'conv_filters_2': 64, 'tuner/epochs': 2, 'tuner/initial_epoch': 0, 'tuner/bracket': 3, 'tuner/round': 0}"
0090,,"{'num_conv_blocks': 3, 'activation': 'elu', 'use_batch_norm': False, 'num_dense_layers': 3, 'units_per_dense': 448, 'dropout_rate': 0.4, 'learning_rate': 0.002526643282290345, 'optimizer': 'rmsprop', 'conv_filters_0': 128, 'conv_filters_1': 32, 'conv_filters_2': 128, 'tuner/epochs': 2, 'tuner/initial_epoch': 0, 'tuner/bracket': 3, 'tuner/round': 0}"
0069,,"{'num_conv_blocks': 2, 'activation': 'elu', 'use_batch_norm': False, 'num_dense_layers': 2, 'units_per_dense': 64, 'dropout_rate': 0.5, 'learning_rate': 0.003515519610720305, 'optimizer': 'adam', 'conv_filters_0': 128, 'conv_filters_1': 64, 'conv_filters_2': 128, 'tuner/epochs': 2, 'tuner/initial_epoch': 0, 'tuner/bracket': 3, 'tuner/round': 0}"
0019,,"{'num_conv_blocks': 3, 'activation': 'elu', 'use_batch_norm': False, 'num_dense_layers': 3, 'units_per_dense': 192, 'dropout_rate': 0.4, 'learning_rate': 0.0018500304177758314, 'optimizer': 'sgd', 'conv_filters_0': 128, 'conv_filters_1': 32, 'conv_filters_2': 32, 'tuner/epochs': 2, 'tuner/initial_epoch': 0, 'tuner/bracket': 3, 'tuner/round': 0}"
0123,,"{'num_conv_blocks': 2, 'activation': 'relu', 'use_batch_norm': True, 'num_dense_layers': 2, 'units_per_dense': 448, 'dropout_rate': 0.5, 'learning_rate': 0.0032774935287472077, 'optimizer': 'sgd', 'conv_filters_0': 64, 'conv_filters_1': 64, 'conv_filters_2': 64, 'tuner/epochs': 10, 'tuner/initial_epoch': 0, 'tuner/bracket': 1, 'tuner/round': 0}"
0023,,"{'num_conv_blocks': 3, 'activation': 'relu', 'use_batch_norm': False, 'num_dense_layers': 3, 'units_per_dense': 384, 'dropout_rate': 0.5, 'learning_rate': 0.0037713532230375883, 'optimizer': 'sgd', 'conv_filters_0': 128, 'conv_filters_1': 64, 'conv_filters_2': 64, 'tuner/epochs': 2, 'tuner/initial_epoch': 0, 'tuner/bracket': 3, 'tuner/round': 0}"
0061,,"{'num_conv_blocks': 3, 'activation': 'relu', 'use_batch_norm': True, 'num_dense_layers': 2, 'units_per_dense': 128, 'dropout_rate': 0.4, 'learning_rate': 0.0004251444249324626, 'optimizer': 'adam', 'conv_filters_0': 128, 'conv_filters_1': 64, 'conv_filters_2': 128, 'tuner/epochs': 10, 'tuner/initial_epoch': 0, 'tuner/bracket': 1, 'tuner/round': 0}"
0093,,"{'num_conv_blocks': 3, 'activation': 'elu', 'use_batch_norm': False, 'num_dense_layers': 2, 'units_per_dense': 128, 'dropout_rate': 0.2, 'learning_rate': 0.00017803406703647428, 'optimizer': 'adam', 'conv_filters_0': 128, 'conv_filters_1': 128, 'conv_filters_2': 128, 'tuner/epochs': 2, 'tuner/initial_epoch': 0, 'tuner/bracket': 3, 'tuner/round': 0}"
0047,,"{'num_conv_blocks': 2, 'activation': 'elu', 'use_batch_norm': False, 'num_dense_layers': 2, 'units_per_dense': 192, 'dropout_rate': 0.4, 'learning_rate': 0.00017412087169881092, 'optimizer': 'adam', 'conv_filters_0': 32, 'conv_filters_1': 32, 'conv_filters_2': 128, 'tuner/epochs': 4, 'tuner/initial_epoch': 0, 'tuner/bracket': 2, 'tuner/round': 0}"
0063,,"{'num_conv_blocks': 2, 'activation': 'relu', 'use_batch_norm': False, 'num_dense_layers': 3, 'units_per_dense': 384, 'dropout_rate': 0.5, 'learning_rate': 0.004561896914979461, 'optimizer': 'rmsprop', 'conv_filters_0': 128, 'conv_filters_1': 128, 'conv_filters_2': 32, 'tuner/epochs': 30, 'tuner/initial_epoch': 0, 'tuner/bracket': 0, 'tuner/round': 0}"
0129,,"{'num_conv_blocks': 3, 'activation': 'elu', 'use_batch_norm': False, 'num_dense_layers': 4, 'units_per_dense': 384, 'dropout_rate': 0.6000000000000001, 'learning_rate': 0.001087382838430827, 'optimizer': 'sgd', 'conv_filters_0': 64, 'conv_filters_1': 64, 'conv_filters_2': 128, 'tuner/epochs': 30, 'tuner/initial_epoch': 0, 'tuner/bracket': 0, 'tuner/round': 0}"
0070,,"{'num_conv_blocks': 3, 'activation': 'elu', 'use_batch_norm': True, 'num_dense_layers': 3, 'units_per_dense': 384, 'dropout_rate': 0.6000000000000001, 'learning_rate': 0.0005464660983738319, 'optimizer': 'adam', 'conv_filters_0': 128, 'conv_filters_1': 64, 'conv_filters_2': 64, 'tuner/epochs': 2, 'tuner/initial_epoch': 0, 'tuner/bracket': 3, 'tuner/round': 0}"
0115,,"{'num_conv_blocks': 3, 'activation': 'relu', 'use_batch_norm': False, 'num_dense_layers': 3, 'units_per_dense': 128, 'dropout_rate': 0.6000000000000001, 'learning_rate': 0.0005794155666227713, 'optimizer': 'sgd', 'conv_filters_0': 128, 'conv_filters_1': 128, 'conv_filters_2': 128, 'tuner/epochs': 4, 'tuner/initial_epoch': 0, 'tuner/bracket': 2, 'tuner/round': 0}"
0001,,"{'num_conv_blocks': 2, 'activation': 'elu', 'use_batch_norm': True, 'num_dense_layers': 4, 'units_per_dense': 448, 'dropout_rate': 0.4, 'learning_rate': 0.008155670833539604, 'optimizer': 'rmsprop', 'conv_filters_0': 64, 'conv_filters_1': 128, 'tuner/epochs': 2, 'tuner/initial_epoch': 0, 'tuner/bracket': 3, 'tuner/round': 0}"
0015,,"{'num_conv_blocks': 2, 'activation': 'relu', 'use_batch_norm': False, 'num_dense_layers': 4, 'units_per_dense': 320, 'dropout_rate': 0.5, 'learning_rate': 0.0014273272133361508, 'optimizer': 'sgd', 'conv_filters_0': 64, 'conv_filters_1': 64, 'conv_filters_2': 32, 'tuner/epochs': 2, 'tuner/initial_epoch': 0, 'tuner/bracket': 3, 'tuner/round': 0}"
0116,,"{'num_conv_blocks': 3, 'activation': 'relu', 'use_batch_norm': True, 'num_dense_layers': 3, 'units_per_dense': 320, 'dropout_rate': 0.30000000000000004, 'learning_rate': 0.0003372778431600531, 'optimizer': 'rmsprop', 'conv_filters_0': 32, 'conv_filters_1': 64, 'conv_filters_2': 32, 'tuner/epochs': 4, 'tuner/initial_epoch': 0, 'tuner/bracket': 2, 'tuner/round': 0}"
0073,,"{'num_conv_blocks': 3, 'activation': 'relu', 'use_batch_norm': False, 'num_dense_layers': 3, 'units_per_dense': 512, 'dropout_rate': 0.6000000000000001, 'learning_rate': 0.0001466705607595191, 'optimizer': 'adam', 'conv_filters_0': 128, 'conv_filters_1': 128, 'conv_filters_2': 64, 'tuner/epochs': 2, 'tuner/initial_epoch': 0, 'tuner/bracket': 3, 'tuner/round': 0}"
0126,,"{'num_conv_blocks': 3, 'activation': 'elu', 'use_batch_norm': False, 'num_dense_layers': 4, 'units_per_dense': 320, 'dropout_rate': 0.4, 'learning_rate': 0.000768513725396424, 'optimizer': 'sgd', 'conv_filters_0': 128, 'conv_filters_1': 128, 'conv_filters_2': 128, 'tuner/epochs': 10, 'tuner/initial_epoch': 0, 'tuner/bracket': 1, 'tuner/round': 0}"
0055,,"{'num_conv_blocks': 3, 'activation': 'elu', 'use_batch_norm': True, 'num_dense_layers': 4, 'units_per_dense': 384, 'dropout_rate': 0.4, 'learning_rate': 0.0001329754433761167, 'optimizer': 'rmsprop', 'conv_filters_0': 128, 'conv_filters_1': 64, 'conv_filters_2': 128, 'tuner/epochs': 10, 'tuner/initial_epoch': 0, 'tuner/bracket': 1, 'tuner/round': 0}"
0064,,"{'num_conv_blocks': 2, 'activation': 'elu', 'use_batch_norm': True, 'num_dense_layers': 3, 'units_per_dense': 256, 'dropout_rate': 0.5, 'learning_rate': 0.0058534456541899085, 'optimizer': 'adam', 'conv_filters_0': 32, 'conv_filters_1': 64, 'conv_filters_2': 32, 'tuner/epochs': 30, 'tuner/initial_epoch': 0, 'tuner/bracket': 0, 'tuner/round': 0}"
0109,,"{'num_conv_blocks': 3, 'activation': 'relu', 'use_batch_norm': False, 'num_dense_layers': 4, 'units_per_dense': 128, 'dropout_rate': 0.4, 'learning_rate': 0.0003522773068027341, 'optimizer': 'sgd', 'conv_filters_0': 128, 'conv_filters_1': 64, 'conv_filters_2': 64, 'tuner/epochs': 4, 'tuner/initial_epoch': 0, 'tuner/bracket': 2, 'tuner/round': 0}"
0076,,"{'num_conv_blocks': 3, 'activation': 'relu', 'use_batch_norm': False, 'num_dense_layers': 2, 'units_per_dense': 192, 'dropout_rate': 0.30000000000000004, 'learning_rate': 0.00016825922773820587, 'optimizer': 'sgd', 'conv_filters_0': 128, 'conv_filters_1': 128, 'conv_filters_2': 64, 'tuner/epochs': 2, 'tuner/initial_epoch': 0, 'tuner/bracket': 3, 'tuner/round': 0}"
0058,,"{'num_conv_blocks': 3, 'activation': 'relu', 'use_batch_norm': True, 'num_dense_layers': 2, 'units_per_dense': 320, 'dropout_rate': 0.6000000000000001, 'learning_rate': 0.0001508693083119637, 'optimizer': 'adam', 'conv_filters_0': 128, 'conv_filters_1': 64, 'conv_filters_2': 128, 'tuner/epochs': 10, 'tuner/initial_epoch': 0, 'tuner/bracket': 1, 'tuner/round': 0}"
0022,,"{'num_conv_blocks': 3, 'activation': 'relu', 'use_batch_norm': False, 'num_dense_layers': 3, 'units_per_dense': 320, 'dropout_rate': 0.4, 'learning_rate': 0.004436067294554763, 'optimizer': 'sgd', 'conv_filters_0': 32, 'conv_filters_1': 64, 'conv_filters_2': 128, 'tuner/epochs': 2, 'tuner/initial_epoch': 0, 'tuner/bracket': 3, 'tuner/round': 0}"
0046,,"{'num_conv_blocks': 2, 'activation': 'elu', 'use_batch_norm': False, 'num_dense_layers': 4, 'units_per_dense': 192, 'dropout_rate': 0.2, 'learning_rate': 0.003818085074245017, 'optimizer': 'rmsprop', 'conv_filters_0': 64, 'conv_filters_1': 128, 'conv_filters_2': 128, 'tuner/epochs': 4, 'tuner/initial_epoch': 0, 'tuner/bracket': 2, 'tuner/round': 0}"
0120,,"{'num_conv_blocks': 3, 'activation': 'relu', 'use_batch_norm': False, 'num_dense_layers': 4, 'units_per_dense': 192, 'dropout_rate': 0.30000000000000004, 'learning_rate': 0.00017264758897215935, 'optimizer': 'sgd', 'conv_filters_0': 128, 'conv_filters_1': 32, 'conv_filters_2': 64, 'tuner/epochs': 10, 'tuner/initial_epoch': 0, 'tuner/bracket': 1, 'tuner/round': 0}"
0121,,"{'num_conv_blocks': 3, 'activation': 'elu', 'use_batch_norm': True, 'num_dense_layers': 3, 'units_per_dense': 512, 'dropout_rate': 0.30000000000000004, 'learning_rate': 0.0030906537787876503, 'optimizer': 'adam', 'conv_filters_0': 128, 'conv_filters_1': 32, 'conv_filters_2': 32, 'tuner/epochs': 10, 'tuner/initial_epoch': 0, 'tuner/bracket': 1, 'tuner/round': 0}"
0114,,"{'num_conv_blocks': 2, 'activation': 'relu', 'use_batch_norm': True, 'num_dense_layers': 2, 'units_per_dense': 512, 'dropout_rate': 0.5, 'learning_rate': 0.0001038449668029289, 'optimizer': 'rmsprop', 'conv_filters_0': 64, 'conv_filters_1': 64, 'conv_filters_2': 128, 'tuner/epochs': 4, 'tuner/initial_epoch': 0, 'tuner/bracket': 2, 'tuner/round': 0}"
0003,,"{'num_conv_blocks': 2, 'activation': 'elu', 'use_batch_norm': False, 'num_dense_layers': 4, 'units_per_dense': 192, 'dropout_rate': 0.6000000000000001, 'learning_rate': 0.00100156290693203, 'optimizer': 'rmsprop', 'conv_filters_0': 64, 'conv_filters_1': 32, 'conv_filters_2': 32, 'tuner/epochs': 2, 'tuner/initial_epoch': 0, 'tuner/bracket': 3, 'tuner/round': 0}"
0124,,"{'num_conv_blocks': 3, 'activation': 'relu', 'use_batch_norm': False, 'num_dense_layers': 4, 'units_per_dense': 256, 'dropout_rate': 0.6000000000000001, 'learning_rate': 0.00046473111837957846, 'optimizer': 'rmsprop', 'conv_filters_0': 128, 'conv_filters_1': 128, 'conv_filters_2': 128, 'tuner/epochs': 10, 'tuner/initial_epoch': 0, 'tuner/bracket': 1, 'tuner/round': 0}"
0018,,"{'num_conv_blocks': 3, 'activation': 'elu', 'use_batch_norm': False, 'num_dense_layers': 3, 'units_per_dense': 192, 'dropout_rate': 0.6000000000000001, 'learning_rate': 0.004827356183868775, 'optimizer': 'adam', 'conv_filters_0': 128, 'conv_filters_1': 64, 'conv_filters_2': 128, 'tuner/epochs': 2, 'tuner/initial_epoch': 0, 'tuner/bracket': 3, 'tuner/round': 0}"
